,draftyear_diff,draftpick_diff,games_diff,games_start_diff,mins_diff,fga_diff,fgp_diff,fga3_diff,fgp3_diff,fga2_diff,fgp2_diff,efg_diff,ftp_diff,off_reb_diff,def_reb_diff,tot_reb_diff,ast_diff,steals_diff,blocks_diff,tov_diff
count,8458.0,6707.0,8458.0,8458.0,8458.0,8458.0,8404.0,8458.0,7414.0,8458.0,8343.0,8404.0,7968.0,8458.0,8458.0,8458.0,8458.0,8458.0,8458.0,8458.0
mean,0.10735398439347363,0.01774265692560012,-0.00035469378103570584,0.0,-0.009103807046583116,0.00035469378103570584,5.529977059922042e-06,0.00035469378103570584,2.1930268728607838e-06,0.0,9.025818734097868e-06,2.4702900842498437e-06,7.5678197527125456e-06,0.00023646252069047056,0.00023646252069047056,0.0004729250413809411,0.00023646252069047056,0.0,0.00023646252069047056,0.0004729250413809411
std,0.7035882106230823,0.13202444431199956,0.01883108863907579,0.0532718103230738,0.15312711641756777,0.03262025970324451,0.00028122716401535083,0.02431255602751094,0.00026202753420468967,0.0266359051615369,0.00028702513525328513,0.00028141953309476303,0.0002685563194704296,0.015376428718100044,0.03075558492204627,0.034383553070463445,0.03766811604544962,0.03438680570059753,0.02663485540863833,0.026631705901671368
min,-3.0,0.0,-1.0,-1.0,-2.0,-1.0,-0.0017385444743934775,-1.0,-0.0024634146341463437,-1.0,-0.003983606557377062,-0.0014788732394366289,-0.000498127340823884,0.0,-1.0,-1.0,-1.0,-1.0,-1.0,-1.0
25%,0.0,0.0,0.0,0.0,0.0,0.0,-0.0002345679012345503,0.0,-0.00018992730158046145,0.0,-0.00023210364514714144,-0.0002314805482765553,-0.00020738846645584896,0.0,0.0,0.0,0.0,0.0,0.0,0.0
50%,0.0,0.0,0.0,0.0,0.0,0.0,0.0,0.0,0.0,0.0,0.0,0.0,0.0,0.0,0.0,0.0,0.0,0.0,0.0,0.0
75%,0.0,0.0,0.0,0.0,0.0,0.0,0.0002452830188679478,0.0,0.000192612567655695,0.0,0.0002558387464669798,0.00024054017464293642,0.0002307692307692566,0.0,0.0,0.0,0.0,0.0,0.0,0.0
max,47.0,1.0,0.0,1.0,4.0,2.0,0.0006401944894651734,1.0,0.0023356643356643447,1.0,0.0020000000000000018,0.0006012965964342643,0.000500000000000056,1.0,1.0,1.0,1.0,1.0,1.0,1.0
